{
    "System" : {
        "MaxParticleCount" : 460,
        "Antialiasing" : 2,
        "Bloom" : true
    },
    "Visual" : {
        "ParticleForm" : 3,
        "ParticleColor" : 5,
        "ParticleColorAmount" : 1.0,
        "ParticleSize" : 0.0593916773796082,
        "LineLength" : 0.0399999991059303,
        "ParticleShape" : 3
    },
    "Physics" : {
        "ParticleMass" : 0.0670973062515259,
        "ParticleDamping" : 0.0634253174066544,
        "TimeSpeed": 0.5,
        "FloorCollision" : false
    },
    "Audio" : {
        "VisualsAudioreactivity" : 0.5,
        "PhysicsAudioreactivity" : 0.5,
        "Volume" : 1,
        "Loop" : false,
        "SlowWithTime" : true
    },
    "Controller" : {
        "ControllerSymmetry" : 2,
        "ControllerModels" : true,
        "ControllerDistance" : 0,
        "ControllerHaptics" : true
    },
    "ForceLeft" : {
        "ForceShape" : 0,
        "ForceAttenuation" : 4,
        "ForceStrength" : 0.100000001490116,
        "AttenuationDistance" : 5,
        "SofteningFactor" : 0.200000002980232,
        "Wavelength" : 0.200000002980232
    },
    "ForceRight" : {
        "ForceShape" : 0,
        "ForceAttenuation" : 6,
        "ForceStrength" : 0.100000001490116,
        "AttenuationDistance" : 0.308376252651215,
        "SofteningFactor" : 0.200000002980232,
        "Wavelength" : 0.200000002980232
    },
    "EmitterLeft" : {
        "EmitterCount" : 2000,
        "EmitterRadius" : 0.00999999977648258,
        "EmitterVelocity" : 0.00499999988824129,
        "VelocitySpread" : 1,
        "InheritVelocity" : 0.0500000007450581
    },
    "EmitterRight" : {
        "EmitterCount" : 2000,
        "EmitterRadius" : 0.00999999977648258,
        "EmitterVelocity" : 0.00499999988824129,
        "VelocitySpread" : 1,
        "InheritVelocity" : 0.0500000007450581
    }
}